<?xml version="1.0" encoding="UTF-8"?>
<metadata xml:lang="en"><Esri><CreaDate>20110912</CreaDate><CreaTime>13292700</CreaTime><ArcGISFormat>1.0</ArcGISFormat><SyncOnce>TRUE</SyncOnce><DataProperties><lineage><Process ToolSource="C:\Program Files (x86)\ArcGIS\Desktop10.0\ArcToolbox\Toolboxes\Data Management Tools.tbx\AddSpatialIndex" Date="20110912" Time="132927">AddSpatialIndex "S:\Reports\SB 1177 HA 2\Shp\SB1177HA2.shp" 0 0 0</Process></lineage><itemProps><itemLocation><linkage Sync="TRUE">file://\\PDC01\HDSShare\Reports\SB 1177 HA 2\Shp\SB1177HA2</linkage><protocol Sync="TRUE">Local Area Network</protocol></itemLocation></itemProps><copyHistory><copy source="S:\Reports\SB 1177 HA 2\Shp\SB 1177 HA 2 Senate Districts\SB1177HA2" dest="\\PDC01\HDSShare\Reports\SB 1177 HA 2\Shp\SB1177HA2" date="20111102" time="10473300"></copy></copyHistory></DataProperties></Esri></metadata>
